#1: wavelength, 2-10: measured overlaps with calibration,,,,,,,,,,,,,,,,,,,,,,,,,,,,,,,,,,,,,,,,,,,,,,,,,,,,,,,,,,,,,,,,,,,,,,,,,,,,,,,,,,,,,,,,,,,,,,,,,,,,,,,,,,,,,,,,,,,,,,,,,,,,,,,,,,,,,,,,,,,,,,,,,,,,,,,,,,,,,,,,,,,,,,,,,,,,,,,,,,,,,,,,,,,,,,,,,,,,,,,,,,,,,,,,,,,,,,,,,,,,,,,,,,,,,,,,,,,,,,,,,,,,,,,,,,,,,,,,,,,,,,,,,,,,,,,,,,,,,,,,,,,,,,,,,,,,,,,,,,,,,,,,,,,,,,,,,,,,,,,,,,,,,,,,,,,,,,,,,,,
#The order of the signals is: BB,BG,BR,GB,GG,GR,RB,RG,RR,,,,,,,,,,,,,,,,,,,,,,,,,,,,,,,,,,,,,,,,,,,,,,,,,,,,,,,,,,,,,,,,,,,,,,,,,,,,,,,,,,,,,,,,,,,,,,,,,,,,,,,,,,,,,,,,,,,,,,,,,,,,,,,,,,,,,,,,,,,,,,,,,,,,,,,,,,,,,,,,,,,,,,,,,,,,,,,,,,,,,,,,,,,,,,,,,,,,,,,,,,,,,,,,,,,,,,,,,,,,,,,,,,,,,,,,,,,,,,,,,,,,,,,,,,,,,,,,,,,,,,,,,,,,,,,,,,,,,,,,,,,,,,,,,,,,,,,,,,,,,,,,,,,,,,,,,,,,,,,,,,,,,,,,,,,,
#Length of array: 341,,,,,,,,,,,,,,,,,,,,,,,,,,,,,,,,,,,,,,,,,,,,,,,,,,,,,,,,,,,,,,,,,,,,,,,,,,,,,,,,,,,,,,,,,,,,,,,,,,,,,,,,,,,,,,,,,,,,,,,,,,,,,,,,,,,,,,,,,,,,,,,,,,,,,,,,,,,,,,,,,,,,,,,,,,,,,,,,,,,,,,,,,,,,,,,,,,,,,,,,,,,,,,,,,,,,,,,,,,,,,,,,,,,,,,,,,,,,,,,,,,,,,,,,,,,,,,,,,,,,,,,,,,,,,,,,,,,,,,,,,,,,,,,,,,,,,,,,,,,,,,,,,,,,,,,,,,,,,,,,,,,,,,,,,,,,,,,,,,,,
380,381,382,383,384,385,386,387,388,389,390,391,392,393,394,395,396,397,398,399,400,401,402,403,404,405,406,407,408,409,410,411,412,413,414,415,416,417,418,419,420,421,422,423,424,425,426,427,428,429,430,431,432,433,434,435,436,437,438,439,440,441,442,443,444,445,446,447,448,449,450,451,452,453,454,455,456,457,458,459,460,461,462,463,464,465,466,467,468,469,470,471,472,473,474,475,476,477,478,479,480,481,482,483,484,485,486,487,488,489,490,491,492,493,494,495,496,497,498,499,500,501,502,503,504,505,506,507,508,509,510,511,512,513,514,515,516,517,518,519,520,521,522,523,524,525,526,527,528,529,530,531,532,533,534,535,536,537,538,539,540,541,542,543,544,545,546,547,548,549,550,551,552,553,554,555,556,557,558,559,560,561,562,563,564,565,566,567,568,569,570,571,572,573,574,575,576,577,578,579,580,581,582,583,584,585,586,587,588,589,590,591,592,593,594,595,596,597,598,599,600,601,602,603,604,605,606,607,608,609,610,611,612,613,614,615,616,617,618,619,620,621,622,623,624,625,626,627,628,629,630,631,632,633,634,635,636,637,638,639,640,641,642,643,644,645,646,647,648,649,650,651,652,653,654,655,656,657,658,659,660,661,662,663,664,665,666,667,668,669,670,671,672,673,674,675,676,677,678,679,680,681,682,683,684,685,686,687,688,689,690,691,692,693,694,695,696,697,698,699,700,701,702,703,704,705,706,707,708,709,710,711,712,713,714,715,716,717,718,719,720
0.026485839,0.029410364,0.03142832,0.032685866,0.033943411,0.033254372,0.032562234,0.03194075,0.031404587,0.030868424,0.029978373,0.029052273,0.028539202,0.028753667,0.028968132,0.030743054,0.032868209,0.035054186,0.037403554,0.039752923,0.040658827,0.041019519,0.041286997,0.041131022,0.040975047,0.042038522,0.043802985,0.045692292,0.04885078,0.052009267,0.054223572,0.055646841,0.05707011,0.05791897,0.058767082,0.061210339,0.065577629,0.06994492,0.076312319,0.082882752,0.089636899,0.09671425,0.1037916,0.113417536,0.12361438,0.134459804,0.14704501,0.159630216,0.17499732,0.191413654,0.208980286,0.231762336,0.254544386,0.279654971,0.306102426,0.332910731,0.363374534,0.393838336,0.426796525,0.461842083,0.496887642,0.533939343,0.570993075,0.608431478,0.646333322,0.684235167,0.722570801,0.760950318,0.797279076,0.830004512,0.862729947,0.885671728,0.906426108,0.925574537,0.940421376,0.955268215,0.963380607,0.968956701,0.972290275,0.965476132,0.958661989,0.942349792,0.920591326,0.898310053,0.870751279,0.843192504,0.812755698,0.779913282,0.747070866,0.711374227,0.675675525,0.640100703,0.604674957,0.56924921,0.533672917,0.498081447,0.464255742,0.433528733,0.402801723,0.376035784,0.350153737,0.325271833,0.30306494,0.280858047,0.261158979,0.242403025,0.2238556,0.206249959,0.188644318,0.173722648,0.160338071,0.147433904,0.139362214,0.131290525,0.122772558,0.113882002,0.104991446,0.097513797,0.090036762,0.084277453,0.080582803,0.076888153,0.072289937,0.067600949,0.062579067,0.056973727,0.051368387,0.048896349,0.047122137,0.045796741,0.045670012,0.045543282,0.044537756,0.043202223,0.04175872,0.039828533,0.037898347,0.036061181,0.03427722,0.032660393,0.032718883,0.032777374,0.031953466,0.030393719,0.028833972,0.026513959,0.024193836,0.021895862,0.019624481,0.0173531,0.01686284,0.016550891,0.016451596,0.016724552,0.016997507,0.016528733,0.015895086,0.015285365,0.014739454,0.014193543,0.014314081,0.014684521,0.015109918,0.015782559,0.016455199,0.016401951,0.015934027,0.015567235,0.01621063,0.016854026,0.017651657,0.018577756,0.019503754,0.019727968,0.019952182,0.020429063,0.021208936,0.021988809,0.020907218,0.019639924,0.018670582,0.018222155,0.017773728,0.018737479,0.020014522,0.021028091,0.02134004,0.02165199,0.021488728,0.021147534,0.0208383,0.020672577,0.020506854,0.020359752,0.020223274,0.020068108,0.019726913,0.019385719,0.019092416,0.018838957,0.01858568,0.018751403,0.018917126,0.018812279,0.018383348,0.017954418,0.016488056,0.014918561,0.013306468,0.011619992,0.009933516,0.010609482,0.011808538,0.012930332,0.013846683,0.014763034,0.013373342,0.011121458,0.009422673,0.010202547,0.01098242,0.012637877,0.014792277,0.016649392,0.015557569,0.014465746,0.01297994,0.011166735,0.009354578,0.008993887,0.008633195,0.008334641,0.008110428,0.007886214,0.007564433,0.007232987,0.007501945,0.008817982,0.010134018,0.010292368,0.010194884,0.009836036,0.008783207,0.007730378,0.008146904,0.009111997,0.009977339,0.010396521,0.010815703,0.010918041,0.010840054,0.010773709,0.010822451,0.010871193,0.010557704,0.009943554,0.009328625,0.00794435,0.006560075,0.005464478,0.00471385,0.003963222,0.002857691,0.001717127,0.001042333,0.001178811,0.001315289,0.001411832,0.001499568,0.001485851,0.001203147,0.000920443,0.002228397,0.004129338,0.005964268,0.007504518,0.009044768,0.008888202,0.007767134,0.006691883,0.006067985,0.005444086,0.006136632,0.007920592,0.009701257,0.008950629,0.008200001,0.007529366,0.006954209,0.006379052,0.007206206,0.0081713,0.008823261,0.008930493,0.009037726,0.00910501,0.009163501,0.009379675,0.010013322,0.010646969,0.011046186,0.011358135,0.011779085,0.012685688,0.013592291,0.013988996,0.014096229,0.014054764,0.012553508,0.011052252,0.009886946,0.00899984,0.008116514,0.009608022,0.011099529,0.011617178,0.010973783,0.010330387,0.008870198,0.007329948,0.006192106,0.005753427,0.005314749,0.004860085,0.004401909,0.004259434,0.004951572,0.00564371,0.006875963,0.00830898,0.009260562,0.008071255,0.006881949,0.005082976,0.002938325,0.001026004,0.001386696,0.001747387,0.002422865,0.003358713,0.004293811
0.004672388,0.004496917,0.004644841,0.005064023,0.005483205,0.00511402,0.00474358,0.004187674,0.0034078,0.002627927,0.002396581,0.00222111,0.002193905,0.002427867,0.002661829,0.00304706,0.003466242,0.004083757,0.00523407,0.006384384,0.006940329,0.007271775,0.007529354,0.007451367,0.00737338,0.006911606,0.006229217,0.005658576,0.006223985,0.006789393,0.006697057,0.006053661,0.005410266,0.006334325,0.007260425,0.00806722,0.008730112,0.009393004,0.009223993,0.008970535,0.008914922,0.009207375,0.009499827,0.010572784,0.011820581,0.013137208,0.014638464,0.01613972,0.018355917,0.020841763,0.023280047,0.025502686,0.027725325,0.029551618,0.031150358,0.032865587,0.035760867,0.038656146,0.041636341,0.044687596,0.04773885,0.05224115,0.056744919,0.061093935,0.065256509,0.069419083,0.072891134,0.076293332,0.079882926,0.08380179,0.087720653,0.092731016,0.097985412,0.102927099,0.107031183,0.111135266,0.114325844,0.117172382,0.120043621,0.123026636,0.126009652,0.127053404,0.126985165,0.126814122,0.125605319,0.124396515,0.122327488,0.11953944,0.116751393,0.11505438,0.113358156,0.111237197,0.108605124,0.105973052,0.102322578,0.098569437,0.094409357,0.089535149,0.08466094,0.079970041,0.075320046,0.071129003,0.068165484,0.065201965,0.061430842,0.057356004,0.053350086,0.049655436,0.045960786,0.042284731,0.038619327,0.035057937,0.032542846,0.030027754,0.028437096,0.027618229,0.026799362,0.025610216,0.024420909,0.02263394,0.020128597,0.017623253,0.015693712,0.013822016,0.012219468,0.011088652,0.009957835,0.009010393,0.00810379,0.007428234,0.007369744,0.007311253,0.007904773,0.008743137,0.00938857,0.009164357,0.008940143,0.008077189,0.006848889,0.005709018,0.005455559,0.0052021,0.005384525,0.005930437,0.006476348,0.007226946,0.007977575,0.007966252,0.007040152,0.006114053,0.005471515,0.004857364,0.003988029,0.002671993,0.001355956,0.001635039,0.002268686,0.00272687,0.002717122,0.002707373,0.002428209,0.002048021,0.001692652,0.001448942,0.001205231,0.001054584,0.000957099,0.000958972,0.001953311,0.002947649,0.003186765,0.002796828,0.002406956,0.002465447,0.002523937,0.002679949,0.002952904,0.00322586,0.002736502,0.002171093,0.001786585,0.001718346,0.001650107,0.001342516,0.000981825,0.000746216,0.000843701,0.000941185,0.00125145,0.001641387,0.002200009,0.003516045,0.004832082,0.00523569,0.005118709,0.005062243,0.005608154,0.006154066,0.005821965,0.004759387,0.003696755,0.002507448,0.001318141,0.00066554,0.000655791,0.000646043,0.000343686,1.22394E-05,-0.000312107,-0.000624056,-0.000936006,-0.000912744,-0.000815259,-0.000837663,-0.001178857,-0.001520052,-0.001627094,-0.001646591,-0.001530925,-0.000809542,-8.81596E-05,0.00040967,0.00078011,0.001054133,0.000371744,-0.000310645,-0.000354142,0.000133279,0.000620587,0.000952033,0.001283479,0.001579418,0.001832877,0.002086336,0.001328643,0.000470782,-6.02309E-05,-2.12373E-05,1.77564E-05,-7.89787E-05,-0.000205708,0.000118282,0.001639035,0.003159788,0.002856269,0.001871679,0.001017122,0.000744166,0.000471211,0.001130149,0.002319456,0.003433535,0.003803975,0.004174415,0.004118701,0.003709268,0.003299558,0.002617169,0.00193478,0.001669865,0.001903827,0.002137789,0.001697436,0.001190518,0.000591157,-0.000169219,-0.000929596,-0.001202774,-0.001368497,-0.00153956,-0.00172478,-0.00191,-0.001342498,-0.000494385,5.75682E-05,-0.000712557,-0.001482682,-0.001544246,-0.001203052,-0.000834007,-0.000190612,0.000452784,0.000872331,0.001106293,0.001338886,0.000520019,-0.000298848,-0.001108827,-0.001908197,-0.002707567,-0.002015873,-0.00117751,-0.000189696,0.001058101,0.002305898,0.001668133,0.000615304,-0.00025846,-0.000658146,-0.001057831,-0.000143282,0.00126049,0.00234798,0.002026282,0.001704585,0.001071974,0.000262855,-0.000448934,-0.000205224,3.84867E-05,0.000900773,0.0022753,0.003646605,0.002993461,0.002340317,0.001696067,0.00106242,0.000428773,0.000194644,-3.23868E-07,-1.36743E-05,0.000288527,0.000590728,0.001028801,0.001496725,0.001777369,0.001562904,0.001348439,0.000672032,-0.00017608,-0.000703832,0.000193022,0.001089877,0.001333518,0.001206789,0.001059267,0.000708324,0.000357381,0.000283877,0.000439852,0.000595039
-3.39E-05,-9.99E-04,-1.15E-03,-6.27E-04,-1.00E-04,2.32E-04,5.63E-04,6.38E-04,4.04E-04,1.71E-04,-8.69E-04,-1.99E-03,-2.97E-03,-3.71E-03,-4.45E-03,-4.36E-03,-4.08E-03,-3.84E-03,-3.72E-03,-3.61E-03,-3.50E-03,-3.39E-03,-3.09E-03,-1.95E-03,-8.13E-04,-3.41E-04,-2.54E-04,-1.38E-04,2.62E-04,6.61E-04,8.12E-04,7.53E-04,6.95E-04,-1.13E-04,-9.22E-04,-1.59E-03,-2.09E-03,-2.58E-03,-2.50E-03,-2.35E-03,-1.81E-03,-5.71E-04,6.67E-04,4.47E-04,-9.86E-05,-6.50E-04,-1.22E-03,-1.78E-03,-1.41E-03,-6.90E-04,-4.46E-05,2.58E-04,5.60E-04,1.35E-03,2.41E-03,3.49E-03,4.71E-03,5.94E-03,6.36E-03,6.09E-03,5.83E-03,6.07E-03,6.32E-03,6.77E-03,7.47E-03,8.17E-03,9.29E-03,1.05E-02,1.13E-02,1.15E-02,1.17E-02,1.25E-02,1.34E-02,1.43E-02,1.52E-02,1.61E-02,1.63E-02,1.63E-02,1.63E-02,1.62E-02,1.62E-02,1.57E-02,1.49E-02,1.42E-02,1.43E-02,1.43E-02,1.44E-02,1.46E-02,1.48E-02,1.46E-02,1.43E-02,1.36E-02,1.22E-02,1.08E-02,9.95E-03,9.10E-03,8.74E-03,9.24E-03,9.74E-03,9.29E-03,8.64E-03,7.82E-03,6.54E-03,5.26E-03,5.05E-03,5.25E-03,5.41E-03,5.44E-03,5.47E-03,5.12E-03,4.56E-03,3.98E-03,3.22E-03,2.46E-03,1.74E-03,1.07E-03,3.97E-04,5.60E-05,-2.85E-04,-3.52E-04,-8.87E-05,1.74E-04,1.82E-03,3.60E-03,4.77E-03,4.85E-03,4.92E-03,4.03E-03,2.92E-03,1.85E-03,8.94E-04,-6.18E-05,-8.26E-04,-1.52E-03,-2.05E-03,-1.84E-03,-1.64E-03,-1.55E-03,-1.53E-03,-1.49E-03,-1.19E-03,-9.02E-04,-1.95E-04,8.58E-04,1.91E-03,1.92E-03,1.93E-03,1.68E-03,1.13E-03,5.72E-04,-4.45E-04,-1.51E-03,-2.33E-03,-2.73E-03,-3.13E-03,-3.11E-03,-2.99E-03,-2.96E-03,-3.15E-03,-3.35E-03,-3.38E-03,-3.35E-03,-3.40E-03,-3.80E-03,-4.20E-03,-4.41E-03,-4.52E-03,-4.56E-03,-3.97E-03,-3.37E-03,-3.27E-03,-3.57E-03,-3.87E-03,-3.71E-03,-3.56E-03,-3.46E-03,-3.43E-03,-3.40E-03,-3.86E-03,-4.37E-03,-4.65E-03,-4.53E-03,-4.41E-03,-4.30E-03,-4.20E-03,-3.96E-03,-3.39E-03,-2.81E-03,-1.92E-03,-9.04E-04,-1.14E-04,-3.28E-04,-5.42E-04,-7.51E-04,-9.55E-04,-1.11E-03,-8.12E-04,-5.09E-04,1.92E-04,1.23E-03,2.26E-03,3.37E-03,4.48E-03,4.87E-03,4.38E-03,3.89E-03,2.76E-03,1.58E-03,7.05E-04,3.93E-04,8.14E-05,-6.46E-04,-1.46E-03,-2.14E-03,-2.43E-03,-2.72E-03,-2.14E-03,-1.22E-03,-3.52E-04,3.01E-04,9.54E-04,7.94E-04,1.70E-04,-4.61E-04,-1.16E-03,-1.87E-03,-2.43E-03,-2.88E-03,-3.32E-03,-3.21E-03,-3.09E-03,-2.70E-03,-1.98E-03,-1.26E-03,-1.07E-03,-9.30E-04,-7.55E-04,-5.11E-04,-2.67E-04,2.40E-04,8.05E-04,9.76E-04,9.85E-05,-7.79E-04,-1.07E-03,-1.14E-03,-1.07E-03,-3.84E-04,2.98E-04,2.48E-04,-2.20E-04,-6.67E-04,-9.01E-04,-1.13E-03,-7.24E-04,2.22E-04,1.17E-03,4.54E-04,-2.58E-04,-1.29E-03,-2.70E-03,-4.12E-03,-5.32E-03,-6.50E-03,-7.04E-03,-6.49E-03,-5.93E-03,-5.20E-03,-4.43E-03,-4.06E-03,-4.73E-03,-5.40E-03,-4.89E-03,-3.95E-03,-3.11E-03,-2.75E-03,-2.39E-03,-2.38E-03,-2.58E-03,-2.69E-03,-2.01E-03,-1.33E-03,-6.87E-04,-8.25E-05,5.21E-04,6.87E-04,8.53E-04,2.41E-04,-1.30E-03,-2.84E-03,-3.68E-03,-4.45E-03,-4.81E-03,-4.46E-03,-4.11E-03,-3.37E-03,-2.54E-03,-1.67E-03,-7.06E-04,2.59E-04,9.76E-04,1.60E-03,2.03E-03,1.59E-03,1.15E-03,7.31E-04,3.22E-04,-5.50E-05,-1.14E-04,-1.72E-04,-1.99E-04,-1.99E-04,-1.99E-04,-5.30E-04,-8.62E-04,-5.66E-04,4.77E-04,1.52E-03,2.15E-03,2.75E-03,2.82E-03,2.00E-03,1.17E-03,7.43E-05,-1.08E-03,-2.28E-03,-3.61E-03,-4.95E-03,-5.22E-03,-5.11E-03,-4.79E-03,-3.57E-03,-2.35E-03,-1.68E-03,-1.32E-03,-1.02E-03,-1.29E-03,-1.56E-03,-1.49E-03,-1.13E-03,-7.68E-04
0.005329965,0.006236568,0.007047742,0.007778873,0.008510005,0.007099892,0.005686371,0.005014716,0.00523893,0.005463143,0.005244996,0.004981789,0.004309083,0.00291506,0.001521036,0.000899279,0.000450852,7.38249E-05,-0.000111395,-0.000296615,-2.89833E-05,0.000409695,0.000869479,0.001425139,0.001980799,0.002833583,0.003857167,0.004775986,0.00462976,0.004483534,0.004241829,0.003920131,0.003598433,0.003841408,0.004085119,0.003926729,0.003283334,0.002639938,0.002226644,0.001836707,0.00157749,0.001548245,0.001519,0.001617184,0.001743913,0.001584738,0.000658638,-0.000267461,0.000406208,0.00168325,0.003065986,0.004927934,0.006789881,0.007085022,0.00648062,0.005885853,0.005388683,0.004891514,0.005248805,0.006321131,0.007393457,0.006810227,0.006225322,0.005905707,0.005905707,0.005905707,0.007508073,0.009272537,0.010492489,0.010755696,0.011018903,0.009792254,0.008232508,0.006688662,0.005187405,0.003686149,0.005215748,0.007886814,0.010459075,0.01258423,0.014709385,0.015477675,0.015467927,0.015452028,0.01537404,0.015296053,0.01615263,0.017790364,0.019428098,0.022205573,0.024983871,0.027726776,0.030427087,0.033127399,0.036607009,0.040165181,0.043447342,0.046245137,0.049042933,0.052725394,0.056605264,0.06132345,0.06828382,0.075244189,0.08233916,0.089484749,0.096236255,0.101207948,0.10617964,0.113041889,0.120986849,0.129209476,0.140225187,0.151240898,0.161241856,0.17039562,0.179549383,0.187650774,0.195751708,0.203272688,0.21009658,0.216920472,0.21973147,0.222139329,0.224479901,0.22670254,0.228925179,0.231945096,0.235142576,0.237806258,0.239044307,0.240282356,0.23984077,0.238768444,0.237039445,0.232350457,0.227661468,0.222178706,0.21624192,0.210627903,0.20824929,0.205870676,0.202811659,0.199185248,0.195558836,0.18960289,0.183646608,0.177712475,0.171804934,0.165897394,0.161682362,0.157636769,0.153740034,0.150103874,0.146467715,0.141866509,0.137050791,0.132139366,0.126972705,0.121806044,0.117844663,0.114335233,0.110900262,0.107800265,0.104700269,0.100713075,0.096219055,0.091813746,0.088294568,0.084775389,0.081910383,0.07959026,0.077270201,0.075398505,0.073526809,0.07219591,0.071513521,0.070831132,0.067578149,0.064068719,0.059998854,0.054949174,0.049899494,0.047554495,0.045809528,0.044083191,0.042406463,0.040729736,0.038599075,0.036298449,0.034102585,0.032377115,0.030651646,0.029913088,0.029737616,0.029657368,0.030524977,0.031392586,0.031238508,0.030234421,0.029229971,0.02738752,0.025545069,0.024053029,0.022980703,0.021908378,0.021430136,0.021010954,0.020524325,0.019919923,0.019315521,0.017976847,0.01647559,0.015275385,0.0148757,0.014476015,0.013388064,0.012042783,0.010973162,0.011138885,0.011304608,0.012209298,0.013535083,0.014568939,0.012706992,0.010845044,0.00928657,0.007980282,0.006674875,0.006587139,0.006499403,0.006291831,0.005940888,0.005589945,0.005762317,0.00598653,0.006175217,0.006301947,0.006428676,0.005685145,0.004749297,0.003714771,0.002418231,0.001121692,0.000464002,4.48205E-05,-0.000183765,0.000440133,0.001064032,0.001942648,0.002966232,0.003934291,0.004353473,0.004772655,0.005069318,0.005264286,0.005458387,0.004795494,0.004132602,0.003358679,0.002452077,0.001545474,0.000168625,-0.001254644,-0.002645913,-0.003981446,-0.005316979,-0.005422536,-0.005256813,-0.004655913,-0.002901198,-0.001146483,-0.000471143,-0.000198187,-5.01178E-05,-0.000459551,-0.000868985,-0.001048447,-0.001097189,-0.00111898,-0.000875269,-0.000631559,0.000432931,0.002177897,0.003919189,0.002837115,0.00175504,0.000446321,-0.001132923,-0.002712166,-0.001948309,-0.000953971,0.000182701,0.001566976,0.002951251,0.00400795,0.00499254,0.005619,0.005297302,0.004975604,0.004199253,0.003253656,0.002375962,0.001800806,0.001225649,0.000967624,0.000889636,0.000845894,0.001138347,0.001430799,0.001291315,0.000794146,0.000297736,0.000278239,0.000258742,0.000332629,0.000517849,0.000703069,0.000559795,0.000384324,0.000597016,0.001484122,0.002371228,0.002435107,0.002318126,0.002062023,0.001438125,0.000814226,0.001320306,0.002246405,0.002902257,0.002356346,0.001810434,0.000468225,-0.001325483,-0.002942909,-0.002835677,-0.002728444,-0.002589199,-0.002423476,-0.002256838
0.010844562,0.010298651,0.010033723,0.010004478,0.009975233,0.010461832,0.010949253,0.010950929,0.010366024,0.009781119,0.009842061,0.00996879,0.010430885,0.011483714,0.012536543,0.013143527,0.013650445,0.014122985,0.014503173,0.014883361,0.014796546,0.014533339,0.014176918,0.013397045,0.012617172,0.01191777,0.011264626,0.010676959,0.010754947,0.010832934,0.011059444,0.011410387,0.01176133,0.012618532,0.013476393,0.014214949,0.014809602,0.015404256,0.015467907,0.015477656,0.015335486,0.014926053,0.014516619,0.014903618,0.015469027,0.015915308,0.016042037,0.016168767,0.016444147,0.016775593,0.01707357,0.017219796,0.017366022,0.016868186,0.016000576,0.015160995,0.014605335,0.014049675,0.013647924,0.013374969,0.013102013,0.014153501,0.01520633,0.015958498,0.016348434,0.016738371,0.016340404,0.015862731,0.015363844,0.014827681,0.014291518,0.014950427,0.015876527,0.016892729,0.018150275,0.019407821,0.020637041,0.021855593,0.022941817,0.023429238,0.023916658,0.024181033,0.024317511,0.024461018,0.024675483,0.024889948,0.025476115,0.026372969,0.027269824,0.028751161,0.03023292,0.032232324,0.034854648,0.037476972,0.039319998,0.041084461,0.04283477,0.04456024,0.04628571,0.048345918,0.050480821,0.052812039,0.055668325,0.058524611,0.062620641,0.0671829,0.072075624,0.078460837,0.08484605,0.091733345,0.09890818,0.106270771,0.115522018,0.124773266,0.135783063,0.148261036,0.16073901,0.172573866,0.184408444,0.196260731,0.208134303,0.220007874,0.233210219,0.246546053,0.260321023,0.274865661,0.289410299,0.302280654,0.314778124,0.326930351,0.338160527,0.349390704,0.360365745,0.371244978,0.381918891,0.391667307,0.401415724,0.410717643,0.419764174,0.428658605,0.436028408,0.443398211,0.450029138,0.456043911,0.462058685,0.465022644,0.467986163,0.47024532,0.47165884,0.473072361,0.47366178,0.474168698,0.473902971,0.472284734,0.470666497,0.468402237,0.465994378,0.463573226,0.461116625,0.458660024,0.454324604,0.449284672,0.44418801,0.438836129,0.433484249,0.428560456,0.423881216,0.419035198,0.412523256,0.406011313,0.398643097,0.39056166,0.382480286,0.374837527,0.367194768,0.359321506,0.351171829,0.343022153,0.333569451,0.323986757,0.314400517,0.304808075,0.295215633,0.285790737,0.276403012,0.266741167,0.256349355,0.245957543,0.237133218,0.228895806,0.220695682,0.212662986,0.204630291,0.195759651,0.18641092,0.177222376,0.169628359,0.162034342,0.153663418,0.144646132,0.135629603,0.128357284,0.121084965,0.114132008,0.107561575,0.100991142,0.095679814,0.090493656,0.085438844,0.080613377,0.075787911,0.071984041,0.068406373,0.064578272,0.060084252,0.055590232,0.051905101,0.0485224,0.045111244,0.041572569,0.038033894,0.035619194,0.033844982,0.032026133,0.0297645,0.027502868,0.025709756,0.024305984,0.022902592,0.022025235,0.021147877,0.021033924,0.021833294,0.022632664,0.021693563,0.020582244,0.019431845,0.018213292,0.01699474,0.016143454,0.015373329,0.01504859,0.015906451,0.016764311,0.016301882,0.015346537,0.0145426,0.014415871,0.014289141,0.01503218,0.016270229,0.017396332,0.017415829,0.017435326,0.017209784,0.016780854,0.016351914,0.015913235,0.015474556,0.015049201,0.014639768,0.014230334,0.01274732,0.011158328,0.009921331,0.009297432,0.008673534,0.008289241,0.007957795,0.007631688,0.007319739,0.007007789,0.007192921,0.00756336,0.007896334,0.008062058,0.008227781,0.008169748,0.007984528,0.007873874,0.008497772,0.009121671,0.009084682,0.008499777,0.00791467,0.00717379,0.00643291,0.005674254,0.004894381,0.004114508,0.005571231,0.007247958,0.008629346,0.009496955,0.010364564,0.009865938,0.009066568,0.008331341,0.007765933,0.007200524,0.007544424,0.008226813,0.008621511,0.007734405,0.006847299,0.006420344,0.006254621,0.00606006,0.005582387,0.005104715,0.00539493,0.006321029,0.007244976,0.006816046,0.006387115,0.006020441,0.005727988,0.005435536,0.005311769,0.005204537,0.005510396,0.006533979,0.007557563,0.00785383,0.007990308,0.007851217,0.006983608,0.006115999,0.005212856,0.004296505,0.003670088,0.00433298,0.004995873,0.00499311,0.004612922,0.004196573,0.003426448,0.002656323,0.002771869,0.003619982,0.004465293
0.001337709,0.000538338,-0.000462491,-0.001632301,-0.002802112,-0.003387946,-0.003972851,-0.003930703,-0.003131333,-0.002331963,-0.001258329,-0.000156758,0.000623569,0.000838034,0.0010525,0.000749466,0.000330284,-0.000215831,-0.001102937,-0.001990043,-0.002304009,-0.002401493,-0.002418075,-0.002067132,-0.001716189,-0.001513808,-0.001396827,-0.001231829,-0.000578685,7.44586E-05,0.000377513,0.000387261,0.00039701,0.000504116,0.000611348,0.000643463,0.000584973,0.000526482,-0.000709063,-0.002064093,-0.002952771,-0.003021009,-0.003089248,-0.002623877,-0.002038972,-0.001679085,-0.001922795,-0.002166506,-0.00300482,-0.004067398,-0.004929157,-0.004880415,-0.004831673,-0.004076939,-0.002916878,-0.001785719,-0.000947355,-0.000108991,0.000198652,6.21741E-05,-7.43037E-05,-0.000337383,-0.00060059,-0.000748838,-0.000758587,-0.000768335,-0.000716114,-0.000657623,-0.000623883,-0.000633632,-0.00064338,-0.000326476,6.34612E-05,0.000403046,0.000607763,0.00081248,0.000648962,0.000346761,4.63243E-05,-0.000246128,-0.000538581,-0.001109841,-0.001840972,-0.002478965,-0.002176764,-0.001874563,-0.001259071,-0.000381713,0.000495644,0.000954123,0.001412298,0.001605015,0.001478286,0.001351556,0.001428507,0.001525991,0.002005645,0.003155958,0.004306271,0.00422124,0.003860549,0.003335378,0.002370285,0.001405191,0.001729432,0.002538551,0.003296421,0.003822835,0.00434925,0.005074018,0.005912382,0.006699619,0.006972575,0.007245531,0.007444107,0.007580585,0.007717062,0.009490565,0.011264776,0.012808778,0.014076072,0.015343366,0.016238604,0.017096464,0.017964949,0.018852055,0.019739161,0.020562485,0.021371604,0.022172755,0.022952628,0.023732502,0.024214718,0.024585158,0.025130828,0.026466362,0.027801895,0.028839762,0.029707371,0.030603278,0.031782837,0.032962395,0.034237635,0.035592665,0.036947695,0.036372817,0.035797661,0.03552817,0.035625655,0.035723139,0.035714287,0.03569479,0.035756811,0.035961528,0.036166245,0.036051938,0.035866718,0.035607059,0.035148883,0.034690708,0.034034015,0.033302884,0.032341286,0.03034286,0.028344435,0.026681035,0.025209024,0.023899355,0.024211305,0.024523254,0.024994758,0.025599159,0.026203456,0.026076726,0.025949997,0.025606062,0.02500166,0.024397258,0.024936328,0.025589472,0.026292274,0.027081896,0.027871518,0.028693053,0.029521669,0.03052061,0.031973124,0.033425638,0.035254066,0.037223246,0.039123176,0.040712168,0.04230116,0.043834289,0.045335545,0.046830572,0.048263589,0.049696606,0.05173625,0.054280587,0.056824907,0.05933025,0.061835593,0.063196557,0.063186809,0.06317706,0.061633332,0.059937108,0.058482274,0.057448942,0.05641561,0.054065376,0.051423555,0.048749764,0.045990962,0.04323216,0.04084942,0.038607285,0.036381155,0.034226755,0.032072355,0.029911745,0.027747596,0.025577198,0.023344811,0.021112423,0.018549942,0.015713152,0.012877539,0.011668735,0.010459932,0.009930202,0.010212906,0.01049561,0.010059865,0.009552947,0.008690761,0.007209001,0.005727242,0.005003967,0.004448307,0.003860643,0.003188003,0.002515362,0.002297015,0.002248272,0.002222687,0.002300674,0.002378662,0.002419373,0.00243887,0.002458367,0.002477864,0.00249736,0.002106685,0.001375553,0.000643988,-0.000516073,-0.001676135,-0.002272163,-0.002194175,-0.002116188,-0.002916585,-0.003803691,-0.004036584,-0.003129981,-0.002223378,-0.000973341,0.000352444,0.00100277,-0.000137794,-0.001278359,-0.001680404,-0.001807134,-0.00191959,-0.001968333,-0.002017075,-0.002022309,-0.002002812,-0.001880001,-0.000739436,0.000401128,0.001046028,0.00127999,0.001512393,0.0005473,-0.000417794,-0.001542872,-0.002858908,-0.004174944,-0.003893412,-0.003454733,-0.002887955,-0.002098333,-0.001308711,-0.000822697,-0.000403515,-0.000203487,-0.000583676,-0.000963864,-0.000860982,-0.000578278,-0.000266984,0.000171695,0.000610374,0.000613774,0.000370064,6.9578E-05,-0.000788283,-0.001646143,-0.002034739,-0.002034739,-0.002035065,-0.002239781,-0.002444498,-0.002115594,-0.0011505,-0.000185407,0.001134814,0.002489844,0.003178941,0.002711017,0.002243093,0.001663275,0.001058873,0.000483901,-1.32687E-05,-0.000510438,-0.000829938,-0.001083396,-0.001123879,-0.000217276,0.000689327,0.001259992,0.00164018,0.001935391,0.001399228,0.000863065,0.000406933,1.6996E-05,-0.000371568
0.005680936,0.006568042,0.006294103,0.005046306,0.003798509,0.002638308,0.001478246,0.001430983,0.002727522,0.004024061,0.00360424,0.003009587,0.002379632,0.001687494,0.000995357,0.001425792,0.002108181,0.002277547,0.001068744,-0.00014006,-0.000245038,6.69111E-05,0.000695434,0.002762098,0.004828763,0.005836921,0.006236606,0.00658129,0.006366824,0.006152359,0.005927285,0.005693323,0.005459361,0.003171157,0.000880279,-0.00100408,-0.002398103,-0.003792127,-0.004274597,-0.004664534,-0.005096866,-0.005603784,-0.006110701,-0.006060116,-0.005884645,-0.005672111,-0.005360162,-0.005048213,-0.003964694,-0.002590167,-0.001050054,0.001240824,0.003531702,0.005717301,0.007842456,0.009861632,0.010807229,0.011752825,0.011950106,0.011521175,0.011092245,0.010848347,0.010604637,0.011616632,0.014141472,0.016666312,0.018128809,0.019483839,0.02041811,0.020613079,0.020808047,0.020230202,0.019479574,0.018832299,0.01846186,0.01809142,0.019335547,0.021187747,0.022710008,0.022739253,0.022768498,0.021509032,0.019510606,0.017655404,0.01724597,0.016836537,0.016543924,0.016348955,0.016153987,0.015764191,0.015374254,0.014479946,0.01297869,0.011477434,0.009533394,0.007544717,0.006093908,0.00558699,0.005080073,0.004995563,0.005005311,0.004975266,0.004838789,0.004702311,0.004622507,0.004564016,0.004288161,0.003030616,0.00177307,0.001284144,0.001235402,0.001294201,0.002434765,0.00357533,0.004003975,0.003838251,0.003672528,0.0032632,0.002853767,0.003068559,0.004033652,0.004998745,0.004342736,0.003523869,0.002556262,0.001327962,9.96611E-05,0.000768882,0.001860704,0.003098591,0.004726577,0.006354562,0.006132823,0.005216472,0.00421516,0.002830885,0.00144661,0.00058945,3.37907E-05,-0.000356505,0.000910789,0.002178083,0.00294039,0.003281585,0.003622779,0.002774839,0.001926727,0.000489432,-0.00165522,-0.003799872,-0.005076116,-0.006265423,-0.006724616,-0.005905749,-0.005086882,-0.005440428,-0.006054578,-0.006793679,-0.007866005,-0.008938331,-0.008011309,-0.006334581,-0.004524892,-0.002117033,0.000290826,0.00119107,0.001230063,0.001270831,0.001329322,0.001387812,0.002196207,0.003629224,0.00506226,0.006622007,0.008181753,0.008713099,0.008011213,0.007309327,0.005791942,0.004193202,0.003193914,0.003242656,0.003291398,0.004425204,0.005799731,0.0065861,0.005806226,0.005026353,0.003742898,0.002270887,0.001159331,0.001666248,0.002173166,0.003319404,0.004830409,0.006279118,0.007107734,0.007936349,0.007769884,0.006775545,0.005781718,0.005966938,0.006152158,0.006670046,0.007586397,0.008502749,0.007140298,0.005551306,0.004154007,0.00309143,0.002028852,0.002738107,0.003839678,0.004773407,0.005260828,0.005748248,0.004518554,0.002646858,0.001091727,0.000955249,0.000818771,0.002358942,0.004854537,0.007167118,0.007664288,0.008161457,0.008403069,0.008432314,0.008462862,0.010295564,0.012128267,0.01354376,0.014460111,0.015376462,0.015796108,0.016166547,0.016430407,0.016508394,0.016586381,0.016033629,0.015341492,0.014676024,0.01408137,0.013486717,0.013346357,0.013375602,0.013431567,0.013607038,0.01378251,0.014486054,0.015490141,0.016389447,0.016252969,0.016116492,0.015766937,0.015240522,0.014713595,0.013680263,0.012646931,0.011302714,0.009586993,0.007871271,0.005552215,0.003173602,0.001221649,1.28449E-05,-0.001195959,-0.001614064,-0.001857774,-0.002253663,-0.003053033,-0.003852403,-0.00321024,-0.002030681,-0.001015259,-0.000732555,-0.000449851,-0.001068386,-0.002199202,-0.003171904,-0.002586999,-0.002002094,-0.000894875,0.000645375,0.002182951,0.001666285,0.001149619,0.000624065,8.79019E-05,-0.000448261,0.000568768,0.001738578,0.002687772,0.00325318,0.003818588,0.003888637,0.003849643,0.003749179,0.003485972,0.003222765,0.002561736,0.001752617,0.001249059,0.00210692,0.00296478,0.003984316,0.005095635,0.006024012,0.005156403,0.004288794,0.002717288,0.000562888,-0.001586742,-0.000738629,0.000109483,0.000713019,0.001024968,0.001336917,0.00035265,-0.00075867,-0.001485387,-0.001543877,-0.001602368,-0.001884648,-0.002216094,-0.002560917,-0.002941106,-0.003321294,-0.00295527,-0.002311874,-0.001945886,-0.002813495,-0.003681104,-0.004971746,-0.006502248,-0.007753409,-0.006271649,-0.00478989,-0.003361484,-0.001977209,-0.000596339
-0.001120424,-0.00096445,-0.001100062,-0.00148025,-0.001860438,-0.001228402,-0.000594755,-0.000596992,-0.001367117,-0.002137242,-0.002986992,-0.003844853,-0.003904898,-0.002559616,-0.001214335,-0.000187514,0.000767831,0.001458731,0.001439234,0.001419737,0.001824789,0.002390197,0.002712899,0.001933025,0.001153152,-0.000220971,-0.001936692,-0.0033809,-0.002064863,-0.000748827,0.00012164,0.00061881,0.001115979,0.001204247,0.001291983,0.001251577,0.001056608,0.00086164,0.000569321,0.00026712,3.2046E-05,-8.4935E-05,-0.000201916,-0.000422433,-0.000666144,-0.00047835,0.000866932,0.002212213,0.002191321,0.001655158,0.001154226,0.000813032,0.000471837,0.000557954,0.0008894,0.00125588,0.001977263,0.002698646,0.003244891,0.003644576,0.004044261,0.004336822,0.004629274,0.00493057,0.005242519,0.005554468,0.005229012,0.004839076,0.004311243,0.003541118,0.002770993,0.002327521,0.001957082,0.001629043,0.001414578,0.001200113,0.001304312,0.001528526,0.001863895,0.002702259,0.003540623,0.00338767,0.002666287,0.001983566,0.001691113,0.001398661,0.00153101,0.002018431,0.002505851,0.003178358,0.003850999,0.004576732,0.005366353,0.006155975,0.005351577,0.004386483,0.003902641,0.004263332,0.004624023,0.00384501,0.002811678,0.001913644,0.001377481,0.000841318,0.000723126,0.00076212,0.000809949,0.000897685,0.000985421,0.000701244,0.000204075,-0.000268413,-0.000492627,-0.00071684,-0.000287575,0.000687267,0.001662109,0.001623554,0.001584561,0.001399472,0.00103878,0.000678089,0.000414841,0.000161382,0.000109784,0.000411985,0.000714186,0.000976523,0.001229982,0.001140853,0.000136766,-0.00086732,-0.000744563,-0.000198652,0.00040744,0.001284797,0.002162155,0.002785256,0.003262929,0.003704345,0.003782332,0.00386032,0.004076514,0.00440796,0.004739406,0.00556795,0.006396565,0.006689157,0.006338214,0.005987271,0.005574299,0.005155117,0.004392144,0.003027366,0.001662587,0.003025462,0.004994642,0.006485287,0.006699752,0.006914217,0.006107739,0.004918432,0.003807129,0.003046753,0.002286376,0.001836209,0.001563253,0.0014003,0.002336148,0.003271996,0.003798321,0.003983541,0.004168736,0.004178484,0.004188233,0.004206847,0.004236092,0.004265337,0.004019795,0.003746839,0.003495166,0.003280701,0.003066235,0.002995382,0.002956388,0.00294933,0.003027318,0.003105305,0.003488279,0.003985448,0.004598034,0.00572885,0.006859666,0.006953915,0.006456746,0.006004073,0.005994324,0.005984576,0.005410771,0.004367691,0.003325163,0.003559125,0.003793087,0.004328669,0.005225523,0.006122377,0.006974897,0.007823009,0.008653372,0.009452742,0.010252113,0.011402657,0.012630957,0.013507588,0.013449098,0.013390607,0.013963618,0.014772736,0.015523166,0.016010587,0.016498008,0.01725245,0.018159053,0.018979952,0.018950707,0.018921462,0.019509812,0.020611383,0.021712616,0.022346264,0.022979911,0.023813286,0.024885611,0.025957937,0.026506948,0.027004117,0.027561682,0.028224574,0.028887467,0.029159141,0.029344361,0.0296896,0.030459725,0.031229849,0.030956519,0.030293627,0.029662797,0.029175377,0.028687956,0.029269107,0.030458414,0.03145607,0.030559215,0.029662361,0.029074468,0.028743022,0.028410146,0.02666518,0.024920213,0.023583838,0.022735726,0.021887613,0.019637636,0.017249274,0.015209351,0.013776334,0.012343316,0.011293668,0.010328575,0.009219313,0.007727805,0.006236297,0.00585967,0.005898664,0.005832396,0.005296233,0.00476007,0.004677635,0.004853106,0.00498276,0.004661063,0.004339365,0.00395371,0.003515032,0.003076036,0.002393647,0.001711258,0.001077753,0.000502596,-7.25604E-05,0.000541584,0.001272715,0.001854397,0.002176095,0.002497793,0.001836761,0.000959403,0.000210331,-0.000199103,-0.000608536,7.60413E-05,0.001167864,0.001979143,0.001540464,0.001101785,0.000731507,0.000400061,8.66388E-05,-4.9839E-05,-0.000186317,0.000381102,0.001531415,0.002678367,0.001713274,0.000748181,3.21108E-05,-0.000387071,-0.000806253,-0.00090582,-0.000974059,-0.00076809,-8.5701E-05,0.000596688,0.000815513,0.000932494,0.000899651,0.000470721,4.17902E-05,-0.000287645,-0.000580098,-0.000684629,4.65018E-05,0.000777633,0.000936425,0.000770702,0.000551642,-0.000189237,-0.000930117,-0.001313527,-0.001401263,-0.001488468
0.00690362,0.0057923,0.005046789,0.00460811,0.004169432,0.004558052,0.004947988,0.005152459,0.005132962,0.005113465,0.004881635,0.004628176,0.004462971,0.004453223,0.004443474,0.004306342,0.004140619,0.004080673,0.004304887,0.004529101,0.005220317,0.006087926,0.006828906,0.006994629,0.007160352,0.006292329,0.004830067,0.003493521,0.003435031,0.00337654,0.003376398,0.00342514,0.003473882,0.004213862,0.004954742,0.00563376,0.006238162,0.006842563,0.005738908,0.004461866,0.003827824,0.004324994,0.004822163,0.005470654,0.006153044,0.006419812,0.0055717,0.004723587,0.004647045,0.00486151,0.005095352,0.00541705,0.005738748,0.005552627,0.005074954,0.004679612,0.005118291,0.005556969,0.005958498,0.006328937,0.006699377,0.006300471,0.005900786,0.005602795,0.005427324,0.005251852,0.005917402,0.00666803,0.007036792,0.006734592,0.006432391,0.005532654,0.004499322,0.00379195,0.003957673,0.004123396,0.004940611,0.006003189,0.006734064,0.005963939,0.005193814,0.004045749,0.002680971,0.001532345,0.002565677,0.003599009,0.00422347,0.004506174,0.004788878,0.004233823,0.003678164,0.003551662,0.003941599,0.004331536,0.004632916,0.004925368,0.005047968,0.004872496,0.004697025,0.005318549,0.006117919,0.006705058,0.006724554,0.006744051,0.006756464,0.006766212,0.006710575,0.006359632,0.006008689,0.006159828,0.006598507,0.006953444,0.006466024,0.005978603,0.00526273,0.004356127,0.003449524,0.003897364,0.004345792,0.004780937,0.005200119,0.005619301,0.006091634,0.006569306,0.007135514,0.007856897,0.00857828,0.008438603,0.008107157,0.007727908,0.00722099,0.006714072,0.005895324,0.004959476,0.004124518,0.00374433,0.003364142,0.003504868,0.003943546,0.004361886,0.004576352,0.004790817,0.005425219,0.006409809,0.007394399,0.007823409,0.00825234,0.008198406,0.007564759,0.006931112,0.006527858,0.00614767,0.006111273,0.006676681,0.007242089,0.007608108,0.007929805,0.008118577,0.007952854,0.007787131,0.007954632,0.008247085,0.008340981,0.007541611,0.00674224,0.006755618,0.00723329,0.00773935,0.008528972,0.009318594,0.009438088,0.008999409,0.008560846,0.008921538,0.009282229,0.009585294,0.009819256,0.010053218,0.010304909,0.010558368,0.010946614,0.011570513,0.012194412,0.012650764,0.013069946,0.013342754,0.013225773,0.013108792,0.012708103,0.012201185,0.011894915,0.012489568,0.013084221,0.014609924,0.01666684,0.01867481,0.020195563,0.021716316,0.023332852,0.025029076,0.026725613,0.029143221,0.031560828,0.033956258,0.036325123,0.038693988,0.041151523,0.043617872,0.046371761,0.049627732,0.052883704,0.055956107,0.058987864,0.062333993,0.066516064,0.070698135,0.07590196,0.081487803,0.087176796,0.093328047,0.099479298,0.106350887,0.113632955,0.121039114,0.129676211,0.138313308,0.146732118,0.15496953,0.163207977,0.172878406,0.182548836,0.192450062,0.202627409,0.212804756,0.22378925,0.234853703,0.246014079,0.257341739,0.2686694,0.277929193,0.286732013,0.294460041,0.299334249,0.304208458,0.307975326,0.311328781,0.31435092,0.31589117,0.31743142,0.316194625,0.313377333,0.310357643,0.305337208,0.300316774,0.294555897,0.288180433,0.281800109,0.270618675,0.259437241,0.247562977,0.23486079,0.222158603,0.209199112,0.196214221,0.184032873,0.173251124,0.162469375,0.152733905,0.143229199,0.133500229,0.123176656,0.112853083,0.104290595,0.096384629,0.088762333,0.082406365,0.076050397,0.070148157,0.064503823,0.059063423,0.05563198,0.052200537,0.049195473,0.046543904,0.043892765,0.041572642,0.039252519,0.036519101,0.033292375,0.030065649,0.0274602,0.024915863,0.022997791,0.022169176,0.02134056,0.020927408,0.02060571,0.019939245,0.018360002,0.016780758,0.01585508,0.01517269,0.014635041,0.014742273,0.014849506,0.014620952,0.01420177,0.013737529,0.012830926,0.011924323,0.011049716,0.010201603,0.009353832,0.008720185,0.008086538,0.008302238,0.009530538,0.010758839,0.011285762,0.011743937,0.01153618,0.010171402,0.008806624,0.007513778,0.006236735,0.005291446,0.005223207,0.005154968,0.005584204,0.006198354,0.006816084,0.007449731,0.008083378,0.008163349,0.007929387,0.007641184,0.006822317,0.00600345,0.005115224,0.004169627,0.00322566
